empId,empName,empGender,empSalary,empCountry,hireDate
1,Richard Williams,Female,47329,Malawi,2018-05-05
2,Devin Khan,Male,103880,Azerbaijan,2015-12-23
3,Mr. Michael Ayala,Female,108197,Rwanda,2019-06-08
4,Deborah Burnett,Male,80102,Colombia,2022-10-10
5,Heather Greene,Female,96146,Somalia,2018-11-22
6,Patricia Weiss,Female,98525,South Africa,2021-06-21
7,Nicholas Woodward,Male,107971,Jordan,2020-11-15
8,Amy Rodriguez,Female,62957,Vietnam,2022-09-23
9,Anthony Holt V,Male,90547,Marshall Islands,2016-07-02
10,Paul Wood,Male,92935,Bahrain,2020-02-13
11,Jeremy Johnson,Female,77341,United Arab Emirates,2017-01-05
12,John Brady,Female,110007,Slovenia,2022-10-02
13,Andrew Peterson,Female,80136,Colombia,2016-08-08
14,Dr. Bailey Anderson,Male,75087,Netherlands Antilles,2016-06-30
15,Paul Johnson,Male,85158,Belgium,2021-03-08
16,Daniel Rivera,Male,87814,Ukraine,2020-11-07
17,Evelyn Reed,Female,115953,Gibraltar,2024-06-08
18,David Newton,Female,80115,Uganda,2023-12-24
19,Raymond Lee,Female,87908,Bermuda,2024-08-20
20,Kathryn Yang,Male,108813,Marshall Islands,2023-03-30
21,David Compton,Female,71507,Saint Kitts and Nevis,2019-10-03
22,Daniel Boone,Female,95277,Solomon Islands,2016-05-13
23,Adam Miller,Male,77269,Honduras,2017-05-25
24,James Long,Female,66545,Turkey,2018-01-16
25,Denise Gonzales,Female,58877,Indonesia,2018-01-10
26,Andrea Rose,Male,93428,Cyprus,2016-10-05
27,Paul Nguyen,Female,60067,Netherlands,2018-12-14
28,Allison Roberts,Female,118978,Sudan,2018-09-25
29,Jennifer Salinas,Male,65388,French Southern Territories,2019-07-18
30,Daniel Howard Jr.,Male,63581,Falkland Islands (Malvinas),2017-07-12
31,Ellen Baker,Female,37040,Spain,2020-07-21
32,Kayla Nguyen,Male,81046,American Samoa,2022-09-03
33,Amber Wright DVM,Female,116155,Bosnia and Herzegovina,2019-10-20
34,Nicholas Frazier,Female,97402,New Caledonia,2021-02-12
35,Mitchell Andrade,Male,46582,Thailand,2023-10-08
36,Jill Long,Male,72665,Bermuda,2018-11-22
37,Andrea Washington,Female,41832,Niue,2024-05-13
38,Kelly Cervantes,Female,53655,Slovenia,2016-02-16
39,John Williams,Male,61439,Haiti,2019-06-09
40,Patrick Howell,Male,39311,Heard Island and McDonald Islands,2024-11-07
41,Paige Navarro,Male,63383,Equatorial Guinea,2016-10-26
42,Tiffany Deleon,Male,48674,Dominican Republic,2018-09-19
43,Jaime Perez,Male,67462,New Caledonia,2024-07-22
44,Adrienne Sanchez,Female,86290,Liechtenstein,2017-03-05
45,Christina Young,Male,61142,Lao People's Democratic Republic,2017-08-29
46,Jennifer Brown,Male,80466,Saint Martin,2019-11-22
47,Dennis Newman,Female,62624,Ecuador,2024-10-16
48,Jennifer Williamson,Male,106193,French Guiana,2018-05-25
49,Terry Mitchell,Female,67579,Guinea,2019-02-06
50,Bethany Gilmore,Female,82395,Russian Federation,2018-07-05
